transformation_level,candle_auroc_sp,candle_ap_sp,candle_f1_sp,candle_threshold_sp,capsules_auroc_sp,capsules_ap_sp,capsules_f1_sp,capsules_threshold_sp,cashew_auroc_sp,cashew_ap_sp,cashew_f1_sp,cashew_threshold_sp,chewinggum_auroc_sp,chewinggum_ap_sp,chewinggum_f1_sp,chewinggum_threshold_sp,fryum_auroc_sp,fryum_ap_sp,fryum_f1_sp,fryum_threshold_sp,macaroni1_auroc_sp,macaroni1_ap_sp,macaroni1_f1_sp,macaroni1_threshold_sp,macaroni2_auroc_sp,macaroni2_ap_sp,macaroni2_f1_sp,macaroni2_threshold_sp,pcb1_auroc_sp,pcb1_ap_sp,pcb1_f1_sp,pcb1_threshold_sp,pcb2_auroc_sp,pcb2_ap_sp,pcb2_f1_sp,pcb2_threshold_sp,pcb3_auroc_sp,pcb3_ap_sp,pcb3_f1_sp,pcb3_threshold_sp,pcb4_auroc_sp,pcb4_ap_sp,pcb4_f1_sp,pcb4_threshold_sp,pipe_fryum_auroc_sp,pipe_fryum_ap_sp,pipe_fryum_f1_sp,pipe_fryum_threshold_sp,mean_auroc_sp,mean_ap_sp,mean_f1_sp,mean_threshold_sp
clean_level 0,92.08,93.52,83.7,0.760769,94.18,97.02,89.84,0.574207,94.28,97.47,91.63,0.499084,98.6,99.41,96.97,0.594217,97.0,98.66,95.48,0.419541,89.5,90.53,84.02,0.541965,75.98,76.53,73.45,0.743087,83.38,83.41,77.57,0.684593,81.31,80.48,77.12,0.679075,70.97,74.74,68.97,0.632515,96.76,96.72,91.26,0.77893,99.4,99.71,97.44,0.642397,89.45,90.68,85.62,0.629198
gaussian_noise_level 1,94.55,95.9,90.14,0.6504,91.62,95.84,89.86,0.587893,87.2,94.17,88.0,0.372283,96.19,98.43,95.38,0.708521,96.02,98.37,95.65,0.420712,81.31,85.11,74.7,0.456233,70.76,74.99,70.42,0.813404,83.74,85.4,78.12,0.721575,73.27,77.27,70.27,0.710158,65.83,73.58,66.67,0.561095,95.42,95.64,89.86,0.778241,100.0,100.0,100.0,0.46335,86.33,89.56,84.09,0.603655
gaussian_noise_level 2,91.35,93.41,85.71,0.648565,88.82,94.45,85.29,0.596631,89.79,95.08,89.86,0.357769,94.81,97.95,95.38,0.632338,92.91,97.31,93.75,0.464652,84.0,86.61,78.95,0.446878,64.79,72.64,69.47,0.702181,85.21,85.62,80.0,0.670629,70.93,74.43,71.74,0.637628,61.94,71.29,66.67,0.525478,95.5,95.64,90.14,0.746596,100.0,100.0,100.0,0.431498,85.0,88.7,83.91,0.571737
gaussian_noise_level 3,90.05,92.81,84.37,0.602749,88.68,93.96,85.71,0.570173,81.49,91.93,83.33,0.301701,96.71,98.67,95.52,0.510287,94.81,97.84,92.06,0.488586,81.4,85.14,75.0,0.413886,60.9,66.54,68.04,0.665643,86.07,86.26,80.0,0.635597,78.11,80.53,73.68,0.633721,61.94,71.59,66.67,0.505987,95.93,95.83,90.41,0.69886,98.96,99.54,97.06,0.309033,84.59,88.39,82.65,0.528019
gaussian_noise_level 4,87.2,90.63,81.36,0.605541,86.32,91.66,88.57,0.567258,86.85,93.69,86.49,0.25405,96.71,98.63,94.29,0.42158,94.98,97.99,93.94,0.349301,72.92,78.83,71.26,0.431834,57.61,65.13,68.82,0.670481,88.58,86.95,83.12,0.588861,81.06,83.01,76.19,0.554061,60.99,68.09,66.67,0.49535,91.0,91.72,85.33,0.653302,97.75,98.97,94.12,0.274898,83.5,87.11,82.51,0.488876
shot_noise_level 1,84.57,88.54,77.97,0.718494,96.21,98.05,93.75,0.591292,95.19,97.94,95.52,0.453653,94.65,97.7,93.94,0.635875,97.33,98.8,95.38,0.506193,85.49,84.74,82.05,0.498181,70.98,73.07,72.0,0.817935,82.64,80.47,79.45,0.715391,88.8,88.71,84.21,0.707142,64.17,66.04,69.88,0.628266,96.7,97.36,93.55,0.804759,98.4,99.12,97.06,0.511531,87.93,89.21,86.23,0.632393
shot_noise_level 2,86.59,89.96,78.38,0.59323,97.42,98.61,93.75,0.596749,93.94,97.3,94.12,0.396047,89.13,95.51,87.88,0.611876,96.26,98.44,95.38,0.46476,86.13,87.06,80.6,0.486482,67.58,71.86,70.97,0.725722,75.85,76.19,73.56,0.655211,86.69,88.53,81.16,0.696375,61.85,63.38,68.24,0.607775,98.75,98.79,94.12,0.757822,98.57,99.23,97.06,0.442512,86.56,88.74,84.6,0.586213
shot_noise_level 3,85.4,88.33,80.0,0.524322,91.67,95.66,86.67,0.58954,89.48,95.08,89.86,0.348242,90.02,95.64,88.57,0.534679,94.65,97.69,92.06,0.410835,83.01,83.61,77.92,0.447097,64.28,70.08,71.74,0.737197,77.87,80.62,73.97,0.640211,85.31,85.97,80.0,0.619178,52.67,53.63,67.37,0.556518,96.26,97.12,90.91,0.734076,96.79,98.5,94.12,0.354758,83.95,86.83,82.77,0.541388
shot_noise_level 4,86.78,88.76,82.19,0.469702,95.45,97.42,93.94,0.531248,86.63,93.88,86.57,0.321433,79.32,90.18,85.29,0.498199,93.94,97.34,95.38,0.30366,68.78,77.18,68.97,0.500365,57.76,61.91,68.75,0.662193,81.91,83.18,76.92,0.545344,85.67,86.45,82.05,0.543288,48.04,54.89,67.35,0.499419,91.8,92.36,87.1,0.707765,90.91,95.72,88.89,0.362927,80.58,84.94,81.95,0.495462
impulse_noise_level 1,88.34,89.08,82.35,0.654672,93.03,96.33,88.14,0.62562,86.36,93.86,86.84,0.367358,94.7,97.96,95.24,0.635225,98.3,99.18,96.97,0.477136,86.96,87.69,81.08,0.457223,70.16,68.79,74.29,0.848729,85.67,86.47,80.0,0.685929,73.83,73.32,73.33,0.675208,73.83,74.55,73.42,0.616689,95.68,95.96,89.86,0.774903,99.05,99.58,96.97,0.451267,87.16,88.56,84.87,0.60583
impulse_noise_level 2,85.58,86.31,79.52,0.563843,89.55,94.9,87.88,0.595124,82.01,92.17,84.21,0.331881,96.21,98.44,93.94,0.572286,94.89,97.68,90.91,0.472386,89.72,89.47,84.51,0.439031,69.51,67.6,74.07,0.808234,85.4,83.78,81.08,0.681331,75.21,77.68,71.43,0.660306,64.46,67.91,70.97,0.587168,95.41,95.45,91.43,0.741167,99.05,99.56,96.97,0.37008,85.58,87.58,83.91,0.56857
impulse_noise_level 3,85.95,86.57,80.6,0.595972,88.79,94.44,85.71,0.601306,80.3,91.54,83.33,0.322244,93.94,97.64,93.55,0.59552,99.24,99.63,98.51,0.439589,85.86,86.69,80.0,0.408408,70.34,66.1,76.54,0.773639,87.97,87.4,84.21,0.660304,77.78,81.06,74.16,0.613943,70.34,71.87,72.5,0.601402,96.05,96.2,90.14,0.719353,96.78,98.6,95.38,0.326476,86.11,88.14,84.55,0.554846
impulse_noise_level 4,83.2,81.72,80.0,0.475643,81.52,90.12,81.01,0.565992,77.08,89.99,83.54,0.253989,92.99,97.09,89.86,0.463827,96.78,98.61,94.12,0.363351,82.92,85.72,82.86,0.445035,58.49,59.67,70.59,0.741431,90.36,91.73,86.11,0.607918,81.08,82.64,75.95,0.57849,62.63,60.56,67.42,0.569651,88.43,90.1,80.0,0.636641,96.59,98.45,93.94,0.268343,82.67,85.53,82.12,0.497526
defocus_blur_level 1,93.34,94.85,88.24,0.756446,95.0,97.35,90.41,0.520791,98.44,99.31,96.97,0.47045,96.02,98.29,93.75,0.78839,98.27,99.22,95.65,0.427448,86.25,86.53,82.19,0.539813,70.42,72.36,73.56,0.702376,82.7,84.67,77.14,0.667619,76.9,81.47,72.73,0.620757,72.23,78.21,70.59,0.620147,93.51,92.19,88.89,0.774413,99.13,99.58,97.14,0.553877,88.52,90.34,85.6,0.620211
defocus_blur_level 2,93.94,95.21,87.5,0.755076,92.5,96.13,89.19,0.503427,98.27,99.24,95.65,0.416545,95.5,98.11,93.75,0.735281,97.06,98.77,95.38,0.463151,83.65,84.69,79.49,0.513293,68.25,71.61,72.09,0.719547,82.44,85.15,78.87,0.634802,78.98,82.79,74.42,0.606762,66.44,75.25,66.67,0.547018,91.09,89.66,86.49,0.755559,99.31,99.67,97.14,0.516945,87.29,89.69,84.72,0.597284
defocus_blur_level 3,92.13,93.87,89.55,0.724193,87.65,93.6,84.51,0.511434,97.58,98.94,95.38,0.487512,94.64,97.83,93.75,0.631281,96.71,98.55,93.94,0.447046,78.98,82.23,74.63,0.481902,66.61,66.23,72.94,0.706612,80.1,82.27,76.19,0.585889,80.54,84.03,74.29,0.610971,65.05,72.82,67.33,0.557029,85.29,86.53,82.19,0.756178,98.44,99.21,97.14,0.479156,85.31,88.01,83.49,0.5816
defocus_blur_level 4,90.83,92.94,87.32,0.669269,85.44,92.34,86.11,0.53896,97.58,98.92,95.65,0.419549,95.16,97.84,92.31,0.507234,94.29,97.46,90.67,0.402285,77.16,81.14,76.32,0.432372,67.04,67.03,70.83,0.627781,80.54,83.06,76.74,0.566765,76.21,78.83,73.42,0.581284,67.65,70.93,68.35,0.640855,79.58,83.84,76.47,0.768339,98.96,99.5,97.14,0.443462,84.2,86.99,82.61,0.549846
motion_blur_level 1,90.36,91.91,85.71,0.760336,93.64,96.44,91.18,0.518943,88.24,94.95,87.32,0.476319,98.04,99.24,98.46,0.64073,98.04,99.24,98.46,0.426546,85.03,87.53,80.0,0.539422,81.82,85.2,79.37,0.798277,82.46,82.12,77.65,0.643188,86.13,86.3,83.33,0.663237,65.86,74.29,66.0,0.549572,95.72,97.04,92.54,0.78273,100.0,100.0,100.0,0.591718,88.78,91.19,86.67,0.615918
motion_blur_level 2,89.53,92.16,85.25,0.771051,92.12,96.57,91.8,0.553265,89.66,95.2,88.57,0.429116,97.5,99.1,98.46,0.625098,95.37,98.27,96.87,0.483569,85.4,86.95,80.56,0.524553,79.89,84.81,77.19,0.828034,83.1,83.72,80.0,0.620809,79.06,78.09,78.38,0.635285,70.23,73.18,72.0,0.616171,97.5,97.85,93.75,0.768251,99.47,99.74,97.06,0.518319,88.24,90.47,86.66,0.61446
motion_blur_level 3,90.27,92.34,84.06,0.74896,89.85,95.03,88.89,0.535622,84.31,93.05,84.51,0.39738,98.93,99.53,98.46,0.539039,96.08,98.47,96.87,0.499406,82.64,84.11,80.6,0.535039,75.76,83.1,74.07,0.831485,82.74,83.25,79.45,0.582818,79.52,82.44,74.42,0.551728,63.28,64.63,66.0,0.542956,95.72,96.18,88.14,0.76793,99.64,99.83,98.46,0.565341,86.56,89.33,84.49,0.591475
motion_blur_level 4,91.37,93.13,86.15,0.757516,86.36,93.23,85.29,0.525553,86.27,93.87,85.71,0.388428,99.82,99.91,98.51,0.509195,97.5,99.01,96.97,0.471177,78.7,81.0,74.42,0.451178,68.5,70.17,68.49,0.773804,90.27,91.91,83.33,0.56604,78.33,82.24,75.32,0.556656,56.33,55.27,66.67,0.563454,95.99,96.64,92.31,0.738052,99.82,99.91,98.51,0.454591,85.77,88.02,84.31,0.56297
zoom_blur_level 1,86.23,89.02,78.79,0.622174,65.0,72.1,83.12,0.609723,89.2,96.0,90.32,0.48622,96.78,98.62,94.12,0.55419,94.13,97.58,92.06,0.425538,71.99,75.94,71.26,0.386414,67.13,61.42,75.0,0.60389,87.24,88.77,80.56,0.554867,58.31,60.71,67.37,0.494918,68.5,71.57,71.79,0.581221,66.02,72.41,66.67,0.704777,98.86,99.47,95.65,0.471286,79.12,81.97,80.56,0.541268
zoom_blur_level 2,83.56,87.38,79.37,0.583405,57.73,65.47,80.52,0.594981,86.36,94.56,85.71,0.444041,95.45,98.13,93.55,0.627598,93.75,97.48,91.8,0.431181,71.9,76.0,74.19,0.400584,66.39,62.76,71.79,0.604342,86.04,87.61,78.79,0.553546,51.42,55.7,68.04,0.472968,69.51,70.94,71.79,0.563915,63.09,71.63,66.67,0.670241,99.05,99.56,96.97,0.454907,77.02,80.6,79.93,0.533476
zoom_blur_level 3,84.02,86.43,76.71,0.574239,68.79,77.5,81.48,0.58756,84.85,93.63,84.85,0.467606,93.37,97.28,92.06,0.596015,93.18,97.06,90.14,0.376469,77.59,80.79,75.0,0.396156,66.85,61.56,73.81,0.592663,77.87,78.25,73.97,0.571603,43.71,48.93,68.04,0.487442,60.61,61.08,71.26,0.576659,42.52,46.26,66.67,0.582469,99.05,99.58,96.97,0.424592,74.37,77.36,79.25,0.519456
zoom_blur_level 4,82.83,84.91,76.71,0.519365,68.33,76.46,81.48,0.563762,82.2,92.72,83.08,0.459469,92.8,97.03,90.91,0.544561,90.91,96.51,92.06,0.408186,76.31,79.16,73.53,0.40009,68.78,65.41,73.81,0.601547,76.49,76.85,76.71,0.558672,40.31,44.61,67.35,0.46137,62.26,62.51,70.59,0.562251,46.74,47.82,66.67,0.565482,99.05,99.55,97.06,0.372015,73.92,76.96,79.16,0.501398
brightness_level 1,85.96,88.65,80.81,0.734942,91.2,95.61,87.64,0.603047,93.36,96.87,92.31,0.495329,96.32,98.46,93.88,0.553876,98.16,99.23,96.97,0.430467,85.92,86.52,81.82,0.545023,77.8,79.74,73.21,0.740153,80.6,81.92,76.27,0.671482,82.76,82.33,79.25,0.695526,67.02,73.52,66.67,0.647594,96.55,96.67,92.16,0.784189,99.28,99.69,98.99,0.711055,87.91,89.93,85.0,0.63439
brightness_level 2,83.36,86.21,79.59,0.683948,88.27,94.23,86.36,0.609094,88.72,94.7,87.85,0.473624,93.44,97.27,91.84,0.535933,98.0,99.14,96.97,0.442404,82.24,82.98,78.26,0.550327,76.2,77.02,72.9,0.701691,75.72,76.24,74.63,0.642604,83.0,83.04,79.65,0.696505,66.39,73.81,66.23,0.550797,96.47,96.88,94.85,0.806935,98.96,99.54,97.03,0.608896,85.9,88.42,83.85,0.608563
brightness_level 3,79.04,82.75,75.51,0.625954,88.2,93.89,84.11,0.542313,87.12,93.74,87.62,0.488403,90.96,96.39,91.49,0.583238,97.6,99.02,96.97,0.443583,78.72,80.93,75.0,0.52173,68.32,69.9,71.94,0.585621,74.24,73.8,73.21,0.662336,79.52,79.37,76.92,0.697905,64.16,72.76,66.23,0.55453,96.2,96.37,94.0,0.787062,97.76,99.01,95.83,0.590853,83.49,86.49,82.4,0.590294
brightness_level 4,76.44,81.17,74.29,0.597341,84.53,92.22,84.31,0.551332,85.44,92.92,85.96,0.459466,89.36,95.36,87.13,0.57821,98.32,99.3,97.96,0.451755,79.16,81.1,76.27,0.498698,67.08,67.77,70.09,0.638383,81.6,77.22,78.99,0.654549,75.92,75.27,74.38,0.68841,60.63,71.34,66.23,0.548033,95.49,96.51,93.88,0.789973,93.2,96.47,92.16,0.538332,82.26,85.55,81.8,0.582873
contrast_level 1,94.8,95.82,88.17,0.605917,98.53,99.22,95.92,0.490533,89.2,94.97,89.52,0.343961,98.0,99.12,96.0,0.515366,92.72,96.64,89.72,0.364474,87.24,89.66,79.55,0.472085,68.4,67.58,70.37,0.721338,85.16,84.91,81.08,0.629042,80.6,80.96,77.31,0.641783,72.16,75.09,70.68,0.595555,94.0,93.97,88.0,0.772973,99.52,99.79,98.99,0.4959,88.36,89.81,85.44,0.554077
contrast_level 2,92.36,93.66,85.44,0.535359,97.6,98.79,95.92,0.48205,85.84,93.52,86.79,0.309961,96.16,98.51,94.95,0.497617,94.32,97.24,91.09,0.369992,87.08,89.28,80.85,0.438409,64.32,64.0,68.85,0.672996,85.72,85.65,78.43,0.620486,76.64,77.84,76.27,0.627694,67.84,70.37,71.3,0.597468,95.32,95.24,89.8,0.759959,99.6,99.82,98.99,0.427745,86.9,88.66,84.89,0.528311
contrast_level 3,87.08,89.47,78.26,0.483729,94.8,97.32,91.3,0.474138,83.84,92.87,84.31,0.270391,96.96,98.66,93.75,0.468645,95.2,97.66,93.07,0.355512,85.36,87.43,77.17,0.332068,58.92,57.93,67.67,0.627369,86.2,86.8,80.0,0.560728,75.08,76.07,74.42,0.587851,71.52,72.83,71.64,0.561533,95.72,95.05,90.91,0.736746,99.6,99.81,98.0,0.351461,85.86,87.66,83.37,0.484181
contrast_level 4,81.48,85.32,77.06,0.352427,87.2,92.61,84.11,0.418764,81.6,92.14,83.87,0.235154,94.08,97.27,90.74,0.31998,98.32,99.2,94.95,0.261452,73.12,73.75,75.21,0.287026,53.04,58.88,67.11,0.437853,83.76,82.66,80.0,0.473696,77.24,79.38,74.58,0.500924,73.8,77.29,71.11,0.460609,96.64,96.31,91.59,0.638406,99.04,99.53,97.03,0.195168,83.28,86.2,82.28,0.381788
rotation_level 1,87.63,89.11,80.52,0.736929,90.15,95.31,87.5,0.579404,93.94,97.5,92.31,0.514531,99.48,99.76,98.51,0.589048,97.4,98.83,94.12,0.433035,87.8,89.88,81.97,0.575753,73.01,68.53,73.81,0.70839,82.7,76.71,80.0,0.682849,76.3,76.8,76.4,0.651657,77.16,76.99,80.0,0.622653,99.39,99.42,97.06,0.78297,99.48,99.74,98.55,0.574438,88.7,89.05,86.73,0.620971
rotation_level 2,90.4,92.18,83.33,0.752018,93.68,97.0,92.31,0.591088,93.08,97.08,90.32,0.538004,99.65,99.83,98.55,0.599177,96.54,98.49,93.94,0.463082,85.03,86.53,80.0,0.551282,72.66,72.1,72.22,0.754271,82.35,83.19,78.87,0.695721,77.51,75.3,78.16,0.669245,68.86,71.49,70.45,0.613914,98.7,98.77,95.52,0.791286,98.27,99.16,95.77,0.605934,88.06,89.26,85.79,0.635418
rotation_level 3,86.07,88.6,81.08,0.755402,92.65,95.8,89.55,0.618884,93.94,97.4,90.91,0.530698,98.44,99.38,98.51,0.649594,97.4,98.83,94.12,0.442493,84.6,85.02,78.95,0.556111,73.01,72.63,77.11,0.737347,76.99,76.58,75.0,0.669183,72.66,69.62,77.11,0.69604,66.61,71.97,69.14,0.640649,98.27,98.65,96.97,0.797946,99.31,99.65,98.55,0.582275,86.66,87.84,85.58,0.639719
rotation_level 4,90.48,92.57,85.29,0.771401,86.91,92.71,88.0,0.592564,93.94,97.15,91.18,0.518403,98.1,99.28,98.51,0.675147,96.71,98.64,95.38,0.498727,79.93,83.34,74.16,0.524151,83.3,84.56,83.33,0.749483,82.35,82.81,79.45,0.701624,69.03,66.03,75.68,0.738922,67.21,72.66,70.45,0.634169,97.32,98.01,95.38,0.803399,99.13,99.59,97.06,0.637659,87.03,88.95,86.16,0.653804
zooming_level 1,96.88,97.37,92.54,0.7589,95.3,97.71,93.55,0.609738,95.9,98.0,92.54,0.490231,98.4,99.35,98.46,0.691164,97.33,99.05,98.46,0.445977,85.31,84.76,81.82,0.54282,78.33,82.92,72.22,0.734368,85.58,86.68,81.25,0.709758,78.42,79.79,76.71,0.699083,67.74,70.06,67.74,0.651033,95.28,96.38,92.54,0.796408,99.11,99.57,96.87,0.632636,89.46,90.97,87.06,0.646843
zooming_level 2,97.25,97.55,92.75,0.765653,95.45,97.94,93.94,0.611164,93.05,96.82,92.54,0.496418,98.57,99.41,98.46,0.654621,98.04,99.24,98.46,0.479001,80.81,84.16,76.92,0.585222,81.18,84.28,76.92,0.789461,91.92,94.22,87.1,0.752161,88.25,89.35,83.33,0.727826,71.39,72.22,71.23,0.655774,95.01,95.0,92.06,0.809626,99.29,99.65,97.06,0.56698,90.85,92.49,88.4,0.657826
zooming_level 3,94.95,95.78,90.62,0.777178,95.76,97.85,92.75,0.607355,96.43,98.22,92.96,0.475502,97.86,99.19,98.46,0.72662,97.68,98.98,95.38,0.506302,84.21,85.17,78.05,0.538186,75.67,78.08,72.73,0.735471,92.19,93.48,87.1,0.737344,73.28,77.46,73.81,0.718283,73.62,77.37,73.02,0.673245,96.17,96.45,92.31,0.816101,100.0,100.0,100.0,0.56797,89.82,91.5,87.27,0.65663
zooming_level 4,98.16,98.43,95.24,0.771174,94.39,97.24,92.54,0.610822,95.01,97.59,92.06,0.559448,98.75,99.47,98.46,0.694817,96.97,98.87,96.87,0.526203,89.72,90.28,83.33,0.609635,77.78,80.06,75.76,0.80034,87.24,90.43,80.0,0.758977,79.43,81.81,77.11,0.737219,72.82,77.92,71.64,0.680156,96.52,97.26,92.31,0.823719,99.64,99.83,98.46,0.660885,90.54,92.43,87.82,0.686116
shifting_level 1,95.04,95.65,87.5,0.782884,99.39,99.64,97.06,0.589938,96.97,98.54,95.52,0.514867,98.86,99.51,96.97,0.570248,96.59,98.61,95.38,0.445979,90.36,91.58,84.37,0.554466,73.37,70.88,74.67,0.75494,89.07,90.14,81.58,0.663742,81.54,84.63,76.92,0.678753,77.23,79.06,73.85,0.630555,92.19,92.8,89.23,0.787642,99.62,99.82,98.51,0.685363,90.85,91.74,87.63,0.638281
shifting_level 2,94.49,95.31,86.15,0.782216,98.64,99.08,98.51,0.577512,94.51,97.69,91.43,0.476083,99.05,99.6,98.46,0.60863,96.78,98.92,96.97,0.408645,84.66,87.79,77.33,0.524332,78.05,76.8,76.71,0.744177,90.73,91.2,82.5,0.664843,84.94,87.36,78.87,0.699383,72.73,74.08,74.29,0.635222,89.07,91.37,82.19,0.773889,99.05,99.53,98.51,0.617314,90.22,91.56,86.83,0.626021
shifting_level 3,94.86,95.61,88.89,0.781513,98.79,99.31,95.52,0.573066,96.78,98.54,94.12,0.49367,99.43,99.74,97.06,0.540736,97.54,99.01,96.87,0.455009,91.0,92.25,83.33,0.531699,71.63,72.55,75.0,0.750112,91.74,92.02,86.84,0.673662,83.2,84.93,78.26,0.701578,77.23,80.44,74.63,0.631318,93.2,94.49,87.5,0.788652,100.0,100.0,100.0,0.634639,91.28,92.41,88.17,0.629638
shifting_level 4,94.95,95.99,90.0,0.80059,98.79,99.36,96.87,0.586119,96.02,98.24,94.12,0.486866,98.11,99.15,95.24,0.798376,97.73,99.19,98.46,0.471425,90.08,90.79,83.78,0.522504,72.45,71.75,73.24,0.761792,85.67,86.63,82.19,0.678602,80.62,79.78,78.87,0.693544,71.53,73.56,69.77,0.603822,89.99,91.37,85.29,0.776702,98.86,99.46,96.97,0.656338,89.57,90.44,87.07,0.653057
