transformation_level,candle_auroc_px,candle_aupro_px,candle_f1_px,candle_threshold_px,capsules_auroc_px,capsules_aupro_px,capsules_f1_px,capsules_threshold_px,cashew_auroc_px,cashew_aupro_px,cashew_f1_px,cashew_threshold_px,chewinggum_auroc_px,chewinggum_aupro_px,chewinggum_f1_px,chewinggum_threshold_px,fryum_auroc_px,fryum_aupro_px,fryum_f1_px,fryum_threshold_px,macaroni1_auroc_px,macaroni1_aupro_px,macaroni1_f1_px,macaroni1_threshold_px,macaroni2_auroc_px,macaroni2_aupro_px,macaroni2_f1_px,macaroni2_threshold_px,pcb1_auroc_px,pcb1_aupro_px,pcb1_f1_px,pcb1_threshold_px,pcb2_auroc_px,pcb2_aupro_px,pcb2_f1_px,pcb2_threshold_px,pcb3_auroc_px,pcb3_aupro_px,pcb3_f1_px,pcb3_threshold_px,pcb4_auroc_px,pcb4_aupro_px,pcb4_f1_px,pcb4_threshold_px,pipe_fryum_auroc_px,pipe_fryum_aupro_px,pipe_fryum_f1_px,pipe_fryum_threshold_px,mean_auroc_px,mean_aupro_px,mean_f1_px,mean_threshold_px
clean_level 0,97.36,90.48,44.28,0.57137,96.37,69.56,45.23,0.610729,93.64,78.12,31.83,0.507637,99.42,72.69,75.63,0.590543,94.34,84.32,34.85,0.507108,96.84,86.62,15.63,0.830224,96.4,84.59,2.87,0.814553,89.63,84.34,9.56,0.713728,91.41,78.06,16.23,0.827538,91.09,77.58,22.69,0.776191,93.88,82.32,25.55,0.680475,97.32,96.09,41.73,0.552748,94.81,82.06,30.51,0.665237
gaussian_noise_level 1,85.99,90.44,31.96,0.641632,96.87,59.43,45.7,0.58921,95.23,71.76,35.25,0.504584,98.77,81.09,70.91,0.561644,94.63,80.79,40.4,0.503861,96.54,87.81,19.7,0.824477,95.48,85.03,2.75,0.812597,92.97,85.14,8.0,0.669362,89.75,74.02,17.96,0.819673,88.14,72.29,13.76,0.780127,94.83,81.44,25.12,0.695537,98.28,95.81,52.69,0.458516,93.96,80.42,30.35,0.655102
gaussian_noise_level 2,85.34,85.81,32.48,0.606992,96.34,58.55,40.99,0.580654,94.9,70.91,33.75,0.519553,98.45,81.62,67.97,0.502951,94.43,78.91,38.15,0.48131,96.5,86.48,14.1,0.826281,94.74,80.48,1.85,0.80351,91.43,84.64,6.05,0.799862,89.74,72.73,19.23,0.838599,88.27,71.04,14.59,0.755979,94.86,81.56,25.07,0.701971,98.44,95.68,54.74,0.480915,93.62,79.03,29.08,0.658215
gaussian_noise_level 3,82.5,74.05,30.74,0.564257,95.97,44.45,40.97,0.586938,95.54,70.19,39.15,0.544348,97.14,79.56,66.85,0.487585,94.17,80.44,37.94,0.483879,95.99,84.42,16.38,0.884575,94.05,75.35,0.84,0.68144,89.84,83.24,6.65,0.743944,89.13,72.38,19.06,0.82433,88.27,71.0,12.62,0.737481,94.85,83.19,27.78,0.758382,98.08,94.94,50.12,0.489904,92.96,76.1,29.09,0.648922
gaussian_noise_level 4,80.35,55.79,19.52,0.617074,94.38,42.89,29.57,0.594384,95.83,70.89,38.7,0.593988,96.52,79.17,63.7,0.495572,94.43,78.29,38.15,0.500602,95.08,83.59,13.08,0.892238,93.66,73.76,0.62,0.684932,88.56,81.04,6.44,0.783577,89.06,73.18,17.51,0.815725,88.3,68.94,12.26,0.750112,94.58,82.98,27.98,0.799838,98.34,94.28,54.75,0.551203,92.42,73.73,26.86,0.67327
shot_noise_level 1,83.94,76.05,28.39,0.548181,94.57,66.12,38.03,0.60777,88.39,76.3,22.35,0.563325,98.1,50.67,70.86,0.576993,94.01,81.45,32.29,0.5154,96.21,80.15,10.81,0.823665,95.95,79.06,1.34,0.740169,90.96,83.93,6.4,0.591231,92.04,80.14,18.87,0.821358,92.99,78.62,29.96,0.769268,94.41,83.36,27.99,0.708968,96.0,94.74,32.13,0.51996,93.13,77.55,26.62,0.648857
shot_noise_level 2,80.84,59.38,24.89,0.578331,94.2,63.28,36.29,0.619713,88.48,74.6,20.91,0.577621,97.69,51.79,67.42,0.550299,93.6,77.72,30.27,0.500688,95.48,76.65,8.7,0.847192,96.07,76.51,1.84,0.750472,90.48,84.1,5.27,0.793395,91.78,80.12,17.92,0.829462,93.05,77.18,31.69,0.742575,94.49,82.82,28.66,0.705638,96.06,94.44,33.6,0.535173,92.68,74.88,25.62,0.669213
shot_noise_level 3,78.12,48.93,24.69,0.570204,94.28,61.06,39.25,0.633599,90.65,73.72,26.73,0.606351,96.47,49.57,64.72,0.513647,93.55,77.2,30.28,0.50208,94.71,68.95,11.6,0.876869,95.36,74.12,1.85,0.758435,89.06,82.2,4.89,0.747103,91.87,79.59,18.05,0.823082,93.02,76.46,30.51,0.7309,94.03,82.13,27.97,0.741108,95.8,91.73,34.8,0.536776,92.24,72.14,26.28,0.670013
shot_noise_level 4,75.63,40.5,20.07,0.649725,91.96,56.64,38.26,0.664852,90.23,72.78,24.29,0.669165,94.86,46.87,53.39,0.514974,94.55,73.79,37.62,0.521928,94.24,67.71,11.02,0.89388,94.98,69.81,1.33,0.6962,88.3,81.83,5.51,0.804686,91.68,76.82,16.38,0.810876,92.76,74.12,22.54,0.739478,93.2,81.17,23.33,0.758653,96.25,89.49,37.78,0.559055,91.55,69.29,24.29,0.690289
impulse_noise_level 1,83.53,61.37,33.86,0.555695,96.05,69.49,48.74,0.606652,92.99,67.76,36.78,0.482442,97.84,57.66,62.58,0.460151,94.13,85.36,36.81,0.472973,95.6,77.4,14.4,0.79349,95.35,80.27,3.46,0.848337,83.1,81.18,5.23,0.663276,92.23,78.38,19.16,0.801872,93.15,83.34,23.62,0.778346,93.07,84.21,26.58,0.693256,98.61,94.94,49.15,0.4825,92.97,76.78,30.03,0.636582
impulse_noise_level 2,81.24,49.95,32.23,0.56622,95.57,70.21,45.91,0.628111,93.6,70.8,39.14,0.510412,96.22,53.65,59.5,0.42332,94.22,85.5,40.1,0.473823,95.45,73.42,15.25,0.831411,96.21,81.69,5.48,0.852581,85.7,80.65,4.78,0.674698,92.52,77.73,20.48,0.822721,92.76,83.03,21.27,0.757891,93.12,84.71,27.35,0.691758,98.98,94.41,57.02,0.516147,92.97,75.48,30.71,0.645758
impulse_noise_level 3,78.85,47.44,26.43,0.530428,94.9,66.84,45.24,0.617485,94.08,70.53,42.1,0.537223,97.0,57.76,58.65,0.421174,94.55,83.61,41.99,0.489608,95.42,73.69,13.27,0.857126,95.03,78.83,3.9,0.841454,86.09,79.2,5.8,0.689892,91.46,75.24,19.7,0.813777,93.09,81.96,20.66,0.780437,92.93,83.84,27.16,0.731333,99.11,94.62,57.05,0.486401,92.71,74.46,30.16,0.649695
impulse_noise_level 4,79.85,36.77,15.1,0.609237,93.94,62.94,41.78,0.626173,94.53,72.65,39.19,0.574091,96.55,56.76,53.94,0.427197,94.37,82.92,41.37,0.520291,95.02,75.12,12.68,0.89025,95.15,80.28,2.96,0.790573,86.13,76.55,4.24,0.682239,91.82,76.44,18.05,0.81007,93.04,81.59,22.02,0.773416,92.3,83.09,25.23,0.764325,99.32,91.64,64.08,0.552242,92.67,73.06,28.39,0.668342
defocus_blur_level 1,97.45,85.65,47.86,0.579933,95.61,62.91,39.36,0.643962,95.79,77.7,24.13,0.48146,99.17,71.47,72.96,0.563008,94.82,83.87,40.53,0.516103,96.81,82.69,20.4,0.865542,96.59,83.45,1.46,0.841177,91.49,80.05,7.85,0.653348,92.65,81.54,19.49,0.79915,92.32,74.54,17.34,0.818208,92.74,75.18,20.84,0.732843,96.59,95.23,36.88,0.548899,95.17,79.52,29.09,0.670303
defocus_blur_level 2,96.82,83.76,47.32,0.589725,95.72,63.14,40.53,0.642376,95.28,78.76,21.58,0.52446,99.06,70.62,71.91,0.561176,94.95,82.93,40.87,0.516626,96.53,82.13,22.79,0.860959,96.47,82.88,1.27,0.85148,91.34,78.99,7.4,0.658485,92.44,81.28,21.17,0.805491,92.05,72.25,15.66,0.838184,92.66,74.71,21.48,0.774754,96.9,95.11,41.47,0.5327,95.02,78.88,29.45,0.679701
defocus_blur_level 3,95.43,77.93,43.03,0.581277,95.8,61.6,39.64,0.639102,94.5,80.07,19.82,0.467048,98.99,69.78,69.61,0.55718,95.18,81.52,41.84,0.515768,96.25,80.95,20.46,0.856471,95.76,80.6,0.78,0.716638,90.65,74.67,6.78,0.665213,91.54,79.62,19.75,0.793609,91.49,68.11,12.2,0.854692,92.44,73.87,22.55,0.808614,97.13,93.9,46.64,0.514757,94.6,76.89,28.59,0.664197
defocus_blur_level 4,92.97,73.32,40.43,0.588095,95.5,56.85,36.59,0.645109,94.5,83.35,20.15,0.553214,98.88,69.17,66.82,0.52302,95.08,80.26,42.14,0.523958,96.2,81.95,18.01,0.836023,94.86,78.59,0.69,0.7104,89.55,67.36,5.44,0.698694,91.37,78.28,18.01,0.777466,91.09,65.87,9.56,0.824971,92.19,73.26,23.27,0.808609,97.13,92.72,47.91,0.520067,94.11,75.08,27.42,0.667469
motion_blur_level 1,96.49,90.43,38.73,0.535911,95.16,59.82,47.71,0.653814,93.4,78.16,36.06,0.502885,99.48,76.17,75.24,0.599228,94.25,87.74,32.84,0.503788,96.74,88.77,17.31,0.848566,95.68,84.59,5.88,0.90295,86.66,90.15,10.14,0.741589,90.82,75.54,13.02,0.766653,89.81,76.35,26.73,0.830565,94.45,77.25,24.84,0.736745,99.46,97.08,47.2,0.623331,94.37,81.84,31.31,0.687169
motion_blur_level 2,95.99,90.64,39.15,0.538248,94.33,54.81,45.9,0.633899,93.52,79.85,33.25,0.505069,99.45,79.33,74.67,0.604559,94.43,87.31,33.54,0.506081,96.66,87.96,14.88,0.851885,95.39,83.35,5.2,0.899828,87.5,89.75,10.64,0.741262,90.33,75.42,11.58,0.766845,89.6,75.14,23.48,0.859236,94.25,77.3,23.75,0.771296,99.49,96.86,51.52,0.62961,94.24,81.48,30.63,0.692318
motion_blur_level 3,94.46,89.04,34.11,0.529092,93.83,55.07,48.32,0.620266,94.18,79.6,31.8,0.475504,99.36,75.65,72.84,0.60286,94.64,86.55,35.95,0.535863,96.71,87.68,15.14,0.898665,95.16,82.38,5.3,0.885824,88.04,89.48,8.78,0.751082,88.18,70.77,9.65,0.755583,89.34,72.28,18.63,0.87641,93.47,77.15,21.79,0.800046,99.55,96.22,55.61,0.616038,93.91,80.16,29.83,0.695603
motion_blur_level 4,92.85,88.03,28.06,0.551832,90.36,47.3,35.43,0.644031,93.8,78.55,34.68,0.485169,99.16,72.18,70.25,0.567502,94.43,85.86,35.05,0.529029,96.78,85.32,9.84,0.892547,94.27,79.6,3.56,0.889663,89.46,88.19,7.4,0.735317,86.5,66.75,6.04,0.753287,89.0,70.7,14.54,0.852409,93.23,74.61,18.12,0.817107,99.53,95.55,55.58,0.609122,93.28,77.72,26.55,0.693918
zoom_blur_level 1,85.52,87.0,17.36,0.562001,85.84,60.64,10.64,0.617486,91.39,81.51,18.34,0.576366,99.14,74.53,72.05,0.629211,93.32,74.4,30.79,0.594158,94.42,73.7,16.22,0.912118,94.23,71.64,1.27,0.718478,89.79,73.29,6.33,0.667515,84.5,56.65,4.21,0.828574,88.66,72.72,11.39,0.84634,91.57,81.84,20.05,0.822007,96.82,93.79,42.75,0.583984,91.27,75.14,20.95,0.69652
zoom_blur_level 2,81.26,84.66,14.76,0.566496,81.19,56.13,6.14,0.682133,90.14,82.58,15.07,0.581456,99.02,71.63,69.23,0.648754,93.25,74.35,29.57,0.59866,93.68,71.41,11.69,0.892311,93.67,71.17,1.18,0.71504,89.25,70.87,5.74,0.6712,84.09,55.11,2.52,0.80248,88.72,71.82,11.44,0.85528,90.25,77.23,14.92,0.821966,96.56,93.21,40.39,0.557784,90.09,73.35,18.55,0.699463
zoom_blur_level 3,80.91,78.19,12.01,0.580072,82.31,54.63,6.46,0.631326,88.84,80.38,12.64,0.629774,99.0,74.23,67.93,0.651054,93.01,74.3,28.81,0.600048,92.96,70.22,14.69,0.91105,91.31,63.22,0.81,0.651432,88.62,67.44,5.39,0.763379,83.82,53.71,2.14,0.783959,88.34,71.09,9.58,0.861863,88.18,62.4,7.43,0.741658,96.17,92.61,37.56,0.556148,89.46,70.2,17.12,0.696814
zoom_blur_level 4,78.2,73.41,10.09,0.607908,79.7,52.3,6.43,0.663745,89.35,80.17,13.41,0.599259,98.9,72.93,65.82,0.670218,93.09,74.51,29.45,0.603054,91.33,67.61,14.01,0.881347,90.85,60.11,0.78,0.652744,89.22,66.27,5.67,0.691775,83.67,52.83,1.89,0.72404,87.99,68.25,6.89,0.846449,87.64,59.23,6.44,0.698552,95.99,92.26,37.48,0.559317,88.83,68.32,16.53,0.683201
brightness_level 1,91.79,87.41,33.26,0.59728,98.2,70.58,51.41,0.642259,95.01,78.02,35.16,0.504462,98.42,77.15,72.8,0.591077,94.3,83.19,37.26,0.511302,96.21,77.85,12.07,0.817056,95.27,79.26,3.73,0.915636,88.69,79.36,5.92,0.583911,90.03,75.02,14.27,0.839897,88.93,79.24,22.8,0.778815,94.7,82.97,29.37,0.694414,96.45,96.0,37.01,0.547668,94.0,80.5,29.59,0.668648
brightness_level 2,91.41,85.97,26.94,0.625269,97.88,69.13,48.35,0.655052,95.15,75.37,34.39,0.532051,97.12,74.92,63.81,0.551519,94.36,82.89,37.59,0.522747,96.31,78.65,13.43,0.835608,94.34,75.75,3.77,0.915573,89.83,79.79,5.74,0.589131,89.56,73.74,12.61,0.850569,88.85,78.61,20.41,0.794751,94.78,83.5,29.64,0.716921,96.42,95.74,37.01,0.549507,93.83,79.51,27.81,0.678225
brightness_level 3,90.54,85.28,25.6,0.645012,97.16,66.08,43.71,0.660552,95.09,72.54,34.28,0.516659,97.18,76.39,64.14,0.540349,94.35,83.21,37.5,0.548509,96.04,79.73,14.78,0.836879,93.44,74.55,4.16,0.928354,90.0,79.93,6.08,0.801837,88.96,72.22,11.4,0.84341,88.55,77.21,17.04,0.794113,94.85,83.84,31.38,0.729496,96.11,95.22,37.87,0.556688,93.52,78.85,27.33,0.700155
brightness_level 4,90.18,85.15,25.26,0.647741,95.99,59.51,33.35,0.684349,94.76,70.59,33.97,0.516667,96.71,75.25,63.79,0.527458,94.32,83.36,37.04,0.565236,95.77,80.05,16.69,0.849698,93.21,74.41,4.45,0.921729,89.37,79.51,8.46,0.807607,87.84,69.58,10.66,0.826741,88.25,75.53,13.34,0.817032,94.65,83.8,31.42,0.738852,95.65,93.42,43.08,0.599292,93.06,77.51,26.79,0.708534
contrast_level 1,96.82,90.79,33.65,0.572829,95.13,69.26,48.88,0.627952,92.18,79.41,28.24,0.539144,95.64,48.65,65.05,0.538784,94.63,83.15,35.19,0.49011,96.34,80.21,21.56,0.844258,96.65,85.27,3.67,0.736573,90.41,86.8,8.85,0.630844,91.55,77.82,14.59,0.803992,93.56,76.96,23.27,0.767391,93.09,82.4,24.92,0.700108,98.65,95.81,54.29,0.540176,94.55,79.71,30.18,0.649347
contrast_level 2,95.26,87.74,34.53,0.643324,94.58,67.23,47.42,0.633923,92.56,80.57,29.2,0.552729,85.39,34.99,57.84,0.446066,94.38,81.89,35.29,0.484085,96.21,79.97,21.39,0.837008,96.33,83.67,3.28,0.719843,90.81,86.92,8.24,0.651036,91.44,77.48,14.55,0.793645,93.57,76.95,22.78,0.793209,93.21,82.61,25.39,0.709453,98.84,95.91,57.56,0.514678,93.55,77.99,29.79,0.64825
contrast_level 3,91.18,81.21,34.45,0.604612,93.65,63.18,43.23,0.639855,93.16,80.88,29.33,0.549053,90.35,45.69,55.75,0.425429,94.2,80.68,34.94,0.4876,95.98,80.39,21.02,0.819388,95.59,80.39,2.64,0.708114,90.86,86.7,7.87,0.83619,91.11,76.76,14.69,0.791118,93.43,76.41,22.19,0.791183,93.14,82.62,25.0,0.721288,98.85,95.07,57.54,0.487643,93.46,77.5,29.05,0.655123
contrast_level 4,84.92,60.08,24.47,0.568592,90.94,59.63,25.89,0.648313,92.66,79.82,20.36,0.538508,92.86,51.25,43.92,0.36191,93.84,78.52,32.34,0.493617,95.28,78.54,15.82,0.777562,94.03,74.86,2.43,0.724757,89.79,85.59,6.18,0.812238,90.42,75.37,15.5,0.776316,93.5,74.27,22.97,0.794585,92.52,81.84,23.38,0.75411,98.16,92.24,52.33,0.531985,92.41,74.33,23.8,0.648541
rotation_level 1,95.38,81.45,39.43,0.586246,96.56,60.4,34.41,0.61534,92.61,76.68,28.46,0.50279,99.36,84.51,73.42,0.61601,94.0,78.38,32.99,0.520922,97.42,81.14,13.61,0.831699,97.28,85.9,2.84,0.830413,90.26,81.43,10.09,0.687859,90.68,76.76,9.56,0.796637,96.73,79.95,26.85,0.785456,95.87,81.22,33.03,0.682309,98.17,95.42,47.16,0.56954,95.36,80.27,29.32,0.668768
rotation_level 2,94.1,79.15,37.74,0.628533,96.7,55.65,35.9,0.611286,92.76,75.44,31.15,0.502726,99.33,83.51,74.02,0.594328,93.9,78.43,31.57,0.523699,97.32,83.8,24.08,0.840097,97.44,85.25,2.74,0.808609,90.26,82.28,10.54,0.790731,90.2,76.12,11.34,0.797929,96.85,79.97,26.82,0.791361,96.02,82.32,33.35,0.706124,98.09,96.18,45.78,0.57496,95.25,79.84,30.42,0.680865
rotation_level 3,94.75,80.39,37.49,0.582649,96.86,56.22,33.36,0.621591,91.73,76.4,24.35,0.499836,99.3,84.59,74.42,0.601707,93.94,78.84,32.77,0.519231,97.35,84.09,19.85,0.865927,97.5,86.51,2.76,0.773022,90.75,81.46,9.81,0.752888,89.62,77.02,10.69,0.825259,96.97,80.38,27.83,0.787844,95.77,81.3,30.08,0.728927,98.14,95.53,44.66,0.597149,95.22,80.23,29.01,0.679669
rotation_level 4,95.53,78.69,40.89,0.655877,96.3,57.71,29.47,0.656732,92.34,78.12,24.56,0.514031,99.42,88.02,73.99,0.630246,93.87,81.83,32.55,0.515201,97.53,81.44,26.85,0.854068,97.56,85.96,2.38,0.74877,90.44,82.22,10.38,0.699315,89.95,77.3,9.29,0.821965,96.61,78.22,25.02,0.788126,95.5,80.45,27.04,0.711181,97.91,95.31,42.63,0.597726,95.25,80.44,28.75,0.68277
zooming_level 1,98.23,93.97,47.45,0.621357,95.62,68.73,50.36,0.585679,92.68,78.11,31.63,0.474709,99.28,59.1,79.68,0.626135,94.35,82.28,33.11,0.505301,95.75,85.5,13.67,0.825798,94.38,78.44,4.19,0.889727,92.77,82.91,13.05,0.700047,94.18,76.47,19.04,0.820012,87.06,65.56,23.42,0.801902,91.78,75.82,18.88,0.68556,96.67,96.36,49.15,0.498051,94.4,78.6,31.97,0.669523
zooming_level 2,98.53,93.42,47.03,0.672946,95.62,72.74,49.02,0.578443,90.76,76.99,28.96,0.438554,99.38,62.1,80.58,0.625073,94.02,81.81,33.19,0.519868,95.41,85.88,17.0,0.8119,94.3,75.11,6.27,0.857522,92.13,82.42,12.56,0.697409,92.81,73.73,22.14,0.818565,86.15,63.53,23.54,0.798096,90.84,72.78,18.9,0.697632,96.12,96.65,48.09,0.494743,93.84,78.1,32.27,0.667563
zooming_level 3,98.29,93.37,46.72,0.616668,94.92,69.54,50.54,0.575415,90.09,72.76,29.28,0.461378,99.32,64.83,80.82,0.611255,93.45,79.76,34.91,0.506913,95.41,84.71,14.79,0.842938,94.21,74.47,4.64,0.897078,91.31,81.15,12.59,0.66736,92.09,72.05,19.81,0.827475,85.57,60.52,22.45,0.787189,90.57,73.64,20.76,0.733792,95.5,96.65,46.49,0.499079,93.39,76.95,31.98,0.668878
zooming_level 4,98.58,92.21,48.9,0.638904,95.71,70.95,51.51,0.580031,88.53,71.73,29.85,0.501039,99.27,52.9,81.51,0.627953,92.32,78.29,31.85,0.49295,95.37,85.56,18.12,0.844016,94.28,73.47,5.19,0.886798,90.39,80.75,13.42,0.672264,92.18,68.82,19.57,0.81666,83.66,58.42,21.79,0.789703,90.08,71.16,23.42,0.715661,94.89,95.49,46.42,0.501911,92.94,74.98,32.63,0.672324
shifting_level 1,98.71,90.33,53.66,0.577013,96.11,78.72,50.99,0.608217,95.78,74.44,27.44,0.510611,99.57,73.84,74.02,0.607195,94.54,86.98,41.68,0.517887,97.4,89.0,18.87,0.815594,96.12,84.31,1.27,0.77354,83.81,87.19,5.53,0.775225,89.85,78.78,22.57,0.819739,89.42,80.53,16.9,0.78816,92.85,82.88,24.92,0.701145,99.32,95.75,30.49,0.722376,94.46,83.56,30.7,0.684725
shifting_level 2,98.67,90.04,54.2,0.599382,94.99,75.96,46.77,0.605637,95.57,73.82,28.43,0.505995,99.53,75.42,73.79,0.58869,94.2,87.3,39.3,0.529205,97.58,87.87,17.3,0.805801,95.97,83.21,1.52,0.784691,84.19,87.67,5.76,0.783454,89.51,79.2,21.29,0.810404,89.67,80.25,17.55,0.793807,92.56,82.88,25.51,0.710582,99.27,96.03,33.02,0.726269,94.31,83.3,30.37,0.686993
shifting_level 3,98.31,89.59,47.31,0.576045,95.63,78.38,50.25,0.632154,94.77,75.6,26.1,0.502414,99.56,72.83,74.15,0.573369,94.42,87.31,40.32,0.524272,97.67,89.33,16.65,0.832261,96.17,84.87,1.9,0.759875,84.69,87.39,5.91,0.766335,89.39,77.7,23.88,0.848405,89.31,80.33,16.22,0.780138,92.87,82.6,26.05,0.731083,99.31,95.24,31.95,0.733162,94.34,83.43,30.06,0.688293
shifting_level 4,98.49,90.34,54.81,0.590889,95.76,79.8,48.2,0.620849,96.27,74.18,31.47,0.52051,99.53,73.06,74.13,0.604313,94.32,88.93,39.09,0.527148,97.56,89.86,14.05,0.82405,96.75,86.84,2.59,0.861926,83.93,86.59,6.37,0.784882,89.28,78.55,21.72,0.820967,89.27,81.3,17.92,0.792492,92.77,82.61,26.25,0.71384,99.27,95.62,33.74,0.743406,94.43,83.97,30.86,0.700439
