transformation_level,bottle_auroc_sp,bottle_ap_sp,bottle_f1_sp,bottle_threshold_sp,cable_auroc_sp,cable_ap_sp,cable_f1_sp,cable_threshold_sp,capsule_auroc_sp,capsule_ap_sp,capsule_f1_sp,capsule_threshold_sp,carpet_auroc_sp,carpet_ap_sp,carpet_f1_sp,carpet_threshold_sp,grid_auroc_sp,grid_ap_sp,grid_f1_sp,grid_threshold_sp,hazelnut_auroc_sp,hazelnut_ap_sp,hazelnut_f1_sp,hazelnut_threshold_sp,leather_auroc_sp,leather_ap_sp,leather_f1_sp,leather_threshold_sp,metal_nut_auroc_sp,metal_nut_ap_sp,metal_nut_f1_sp,metal_nut_threshold_sp,pill_auroc_sp,pill_ap_sp,pill_f1_sp,pill_threshold_sp,screw_auroc_sp,screw_ap_sp,screw_f1_sp,screw_threshold_sp,tile_auroc_sp,tile_ap_sp,tile_f1_sp,tile_threshold_sp,toothbrush_auroc_sp,toothbrush_ap_sp,toothbrush_f1_sp,toothbrush_threshold_sp,transistor_auroc_sp,transistor_ap_sp,transistor_f1_sp,transistor_threshold_sp,wood_auroc_sp,wood_ap_sp,wood_f1_sp,wood_threshold_sp,zipper_auroc_sp,zipper_ap_sp,zipper_f1_sp,zipper_threshold_sp,mean_auroc_sp,mean_ap_sp,mean_f1_sp,mean_threshold_sp
clean_level 0,96.11,98.85,95.38,0.275024,77.38,87.05,79.17,0.586771,88.91,97.68,91.85,0.313655,98.76,99.66,98.31,0.216888,98.83,99.58,97.39,0.212403,86.93,93.63,82.76,0.538534,100.0,100.0,100.0,0.308549,80.06,95.38,89.42,0.122349,79.08,95.35,91.8,0.30828,85.1,94.49,88.62,0.483738,98.48,99.43,95.81,0.366441,93.89,97.88,91.53,0.62395,74.71,74.34,69.88,0.56071,98.95,99.69,98.33,0.327973,89.99,97.38,90.91,0.231203,89.81,95.36,90.74,0.365098
gaussian_noise_level 1,91.16,97.45,93.02,0.306663,85.97,92.7,88.52,0.588138,75.0,93.96,90.24,0.214185,97.0,99.09,95.08,0.159847,87.97,96.32,88.89,0.232794,91.67,95.46,91.3,0.726282,100.0,100.0,100.0,0.319307,80.24,93.7,92.31,0.258005,83.22,96.75,91.26,0.252993,82.32,93.16,87.18,0.566079,99.68,99.88,98.25,0.297914,97.5,99.09,95.24,0.412333,77.5,76.95,75.0,0.550809,99.29,99.76,97.56,0.304839,83.86,95.33,90.91,0.216339,88.83,95.31,91.65,0.360435
gaussian_noise_level 2,90.48,97.4,92.31,0.393464,81.61,87.82,86.67,0.58291,58.78,84.76,90.24,0.266632,95.67,98.64,93.55,0.165281,88.72,96.14,90.48,0.167581,87.2,93.23,88.46,0.713263,100.0,100.0,100.0,0.260675,73.39,91.46,89.55,0.292471,67.61,92.66,91.26,0.243829,74.29,90.13,87.36,0.426802,99.68,99.88,98.25,0.245326,97.5,99.09,95.24,0.474622,75.0,76.67,70.97,0.597984,96.43,98.68,97.56,0.272647,78.41,93.75,89.66,0.204143,84.32,93.35,90.77,0.353842
gaussian_noise_level 3,85.03,95.9,89.47,0.362793,85.16,90.6,88.52,0.590619,53.04,85.76,90.24,0.284085,85.33,95.42,88.24,0.134979,87.97,95.95,88.89,0.224005,87.8,94.9,90.91,0.735099,99.41,99.8,98.36,0.224085,72.58,90.8,91.18,0.22383,64.54,92.43,91.26,0.241245,70.89,89.87,86.02,0.39573,99.35,99.76,98.18,0.329391,97.5,99.09,95.24,0.53002,66.07,64.3,64.86,0.539111,100.0,100.0,100.0,0.244709,83.41,95.3,90.91,0.139674,82.54,92.66,90.15,0.346625
gaussian_noise_level 4,85.71,96.18,90.0,0.311546,85.16,91.35,84.06,0.55169,62.84,89.2,91.36,0.280499,80.67,93.93,88.24,0.118172,76.69,90.52,87.18,0.184228,88.69,94.38,84.44,0.64342,93.84,98.12,93.55,0.198565,64.52,85.94,89.86,0.224297,62.88,92.03,91.26,0.247717,46.96,78.36,86.02,0.372681,98.38,99.46,98.18,0.311168,100.0,100.0,100.0,0.565766,62.5,61.29,64.86,0.576804,100.0,100.0,100.0,0.185075,82.95,95.63,88.89,0.159537,79.45,91.09,89.19,0.328744
shot_noise_level 1,93.88,98.13,92.68,0.436069,84.04,90.73,84.37,0.551699,82.29,95.44,91.14,0.393085,96.67,99.15,96.55,0.20216,99.25,99.74,97.44,0.250201,93.65,96.98,90.48,0.702918,100.0,100.0,100.0,0.436465,82.49,94.39,92.31,0.291697,74.7,93.74,91.84,0.637262,86.43,95.38,89.74,0.569592,98.38,99.41,96.3,0.370953,90.0,96.52,90.91,0.508201,90.0,79.87,83.87,0.546341,99.17,99.76,97.56,0.189959,90.45,97.57,92.31,0.287415,90.76,95.79,92.5,0.424934
shot_noise_level 2,93.88,98.38,95.0,0.44894,82.0,89.64,84.75,0.533058,72.57,92.08,91.14,0.198127,97.78,99.41,96.67,0.172065,94.74,98.21,94.74,0.18842,91.97,96.25,88.89,0.673664,100.0,100.0,100.0,0.297216,83.87,95.31,93.94,0.35595,66.43,91.22,93.07,0.573639,73.39,90.35,88.89,0.387839,98.38,99.38,96.55,0.20619,85.0,95.19,88.89,0.61274,93.85,92.02,85.71,0.69794,98.33,99.51,97.56,0.192191,88.64,96.89,90.91,0.214572,88.06,95.59,92.45,0.383503
shot_noise_level 3,97.28,99.15,95.45,0.329616,70.8,83.43,77.5,0.330394,68.75,91.65,91.14,0.192784,95.56,98.77,93.55,0.162344,93.23,97.7,94.74,0.182396,84.28,92.5,82.35,0.622607,100.0,100.0,100.0,0.231043,78.8,93.45,92.54,0.264801,65.01,90.89,91.26,0.315735,69.11,88.3,87.36,0.471123,99.35,99.75,98.25,0.173993,67.5,88.04,86.96,0.461327,86.15,82.6,81.48,0.630971,98.33,99.51,97.56,0.189178,87.05,96.27,92.68,0.210162,84.08,93.47,90.85,0.317898
shot_noise_level 4,95.92,98.7,95.45,0.296776,82.51,88.88,82.54,0.533743,72.92,91.81,91.14,0.173448,88.89,96.9,90.91,0.120194,86.47,95.54,87.18,0.15922,86.29,93.26,85.71,0.556124,98.24,99.39,96.87,0.160705,81.11,93.49,91.8,0.360692,65.48,92.17,92.16,0.32332,71.25,86.85,86.05,0.536523,99.03,99.63,96.55,0.125083,57.5,83.92,83.33,0.407652,82.31,75.57,78.26,0.635642,97.5,99.25,97.56,0.143655,88.18,96.63,93.02,0.186738,83.57,92.8,89.9,0.314634
impulse_noise_level 1,93.65,98.44,95.0,0.266627,75.44,85.93,78.79,0.542179,81.35,96.28,92.11,0.36085,97.32,99.23,94.92,0.156296,100.0,100.0,100.0,0.228682,75.92,85.21,84.0,0.606892,100.0,100.0,100.0,0.331436,80.65,95.23,92.31,0.292572,57.98,91.62,92.16,0.513098,75.54,92.31,86.67,0.38115,99.35,99.76,98.18,0.244354,90.0,97.14,94.74,0.688763,68.46,65.01,63.41,0.437556,100.0,100.0,100.0,0.35134,91.03,97.84,92.31,0.211798,85.78,93.6,90.97,0.37424
impulse_noise_level 2,91.27,97.99,95.0,0.262014,76.32,86.65,78.38,0.339833,83.33,95.75,95.89,0.268657,95.4,98.66,93.55,0.13955,100.0,100.0,100.0,0.205384,76.92,87.43,81.63,0.627223,100.0,100.0,100.0,0.264819,85.25,96.86,90.62,0.367792,47.61,86.21,93.07,0.500799,66.07,88.45,85.71,0.29827,96.43,98.88,96.3,0.308549,87.5,96.14,90.0,0.692247,79.23,72.96,75.0,0.602797,100.0,100.0,100.0,0.336006,86.15,96.51,91.36,0.173695,84.77,93.5,91.1,0.359176
impulse_noise_level 3,94.44,98.72,95.24,0.237767,79.3,87.5,79.45,0.427416,66.27,91.34,91.14,0.218395,95.79,98.76,93.55,0.135509,96.99,99.08,97.3,0.17785,79.26,89.2,83.33,0.657778,100.0,100.0,100.0,0.167233,73.73,93.38,91.18,0.263381,42.29,85.68,92.16,0.535212,59.57,86.21,85.71,0.423172,99.68,99.88,98.25,0.166755,87.5,96.14,90.0,0.631324,68.46,59.77,64.86,0.535151,100.0,100.0,100.0,0.372622,87.18,96.54,91.36,0.184887,82.03,92.15,90.24,0.342297
impulse_noise_level 4,86.51,96.52,88.89,0.195136,81.05,89.05,80.0,0.442948,60.71,89.28,92.31,0.215434,86.21,96.04,89.23,0.123738,84.96,95.18,88.37,0.087987,79.6,88.94,85.19,0.500724,96.67,99.17,98.31,0.198945,74.65,93.7,89.86,0.31791,48.67,87.22,92.16,0.377366,56.21,81.07,85.71,0.281953,99.35,99.76,98.18,0.205887,85.0,95.32,88.89,0.710841,67.69,56.1,66.67,0.511414,100.0,100.0,100.0,0.307668,89.49,97.37,92.31,0.1985,79.78,90.98,89.07,0.311763
defocus_blur_level 1,98.64,99.59,97.56,0.387691,70.81,80.91,80.56,0.634414,87.16,97.12,93.33,0.424584,99.33,99.79,98.31,0.228746,100.0,100.0,100.0,0.239156,86.61,92.97,85.71,0.725241,100.0,100.0,100.0,0.365464,74.19,93.54,88.57,0.238521,81.56,96.57,91.26,0.526075,87.86,95.43,90.48,0.680222,99.68,99.88,98.25,0.274933,82.5,94.08,86.96,0.506652,66.43,73.05,64.29,0.699344,98.57,99.55,97.44,0.395778,95.0,98.73,93.67,0.192917,88.56,94.75,91.09,0.434649
defocus_blur_level 2,97.96,99.4,97.56,0.380114,73.06,82.02,81.08,0.604275,83.78,96.23,93.67,0.366742,100.0,100.0,100.0,0.226155,100.0,100.0,100.0,0.200401,86.9,92.69,86.96,0.75497,100.0,100.0,100.0,0.323616,74.6,93.47,91.18,0.260195,77.3,95.65,91.26,0.444766,86.07,94.82,89.41,0.661265,99.68,99.88,98.25,0.189007,100.0,100.0,100.0,0.566607,67.5,75.48,66.67,0.783353,100.0,100.0,100.0,0.305889,93.86,98.34,94.12,0.166265,89.38,95.2,92.68,0.415575
defocus_blur_level 3,98.64,99.59,97.56,0.360551,71.29,81.32,78.95,0.527585,70.61,92.23,93.67,0.306613,100.0,100.0,100.0,0.212135,100.0,100.0,100.0,0.222041,87.5,93.45,88.0,0.731997,99.41,99.8,98.41,0.214956,76.61,93.45,89.86,0.160261,77.78,95.81,91.26,0.473132,83.57,92.88,90.48,0.617418,100.0,100.0,100.0,0.166954,100.0,100.0,100.0,0.535657,72.86,74.59,70.97,0.624233,100.0,100.0,100.0,0.2704,93.86,98.4,93.83,0.196187,88.81,94.77,92.87,0.374675
defocus_blur_level 4,98.64,99.59,97.56,0.387431,68.55,81.25,76.92,0.518258,62.5,88.3,92.5,0.247262,99.0,99.67,98.36,0.204156,96.99,99.01,94.74,0.251191,82.74,90.38,84.62,0.690604,98.53,99.5,96.77,0.251698,74.6,93.45,89.55,0.259954,75.89,95.05,91.26,0.547046,75.0,90.42,87.36,0.549729,99.68,99.88,98.25,0.123912,100.0,100.0,100.0,0.571766,72.5,73.21,75.0,0.670307,97.86,99.35,97.44,0.22691,89.77,97.32,91.36,0.217204,86.15,93.76,91.45,0.381162
motion_blur_level 1,96.6,98.94,95.24,0.330351,84.72,91.85,87.5,0.649047,93.06,98.53,93.33,0.392008,98.15,99.52,98.31,0.190293,44.36,69.25,84.44,0.166153,95.32,97.57,92.0,0.624013,100.0,100.0,100.0,0.53193,87.56,97.13,92.54,0.299354,76.36,93.68,92.93,0.607073,48.21,77.44,85.71,0.085424,97.73,99.21,96.3,0.431533,100.0,100.0,100.0,0.64527,80.0,76.71,80.0,0.703073,100.0,100.0,100.0,0.369666,48.75,78.01,87.91,0.121197,83.39,91.86,92.41,0.409759
motion_blur_level 2,98.64,99.59,97.56,0.324056,80.31,89.18,82.54,0.66567,90.62,97.81,94.44,0.43913,96.3,99.06,96.55,0.267634,57.14,73.17,86.36,0.126462,93.31,96.35,90.91,0.707776,100.0,100.0,100.0,0.492985,87.56,97.05,93.94,0.304355,69.98,91.69,91.84,0.595875,45.89,75.15,85.71,0.115842,98.38,99.46,98.18,0.383709,97.5,99.09,95.24,0.569746,75.77,72.87,73.33,0.701691,100.0,100.0,100.0,0.286451,48.75,78.01,87.91,0.184886,82.68,91.23,91.63,0.411085
motion_blur_level 3,93.2,97.84,93.02,0.349983,83.19,90.62,82.76,0.634173,79.17,95.09,91.14,0.400714,92.59,98.06,93.1,0.208627,51.13,72.63,85.71,0.14929,94.98,97.25,92.0,0.621183,100.0,100.0,100.0,0.520473,89.4,97.28,95.24,0.349509,61.94,88.67,91.26,0.447368,46.61,75.96,86.02,0.066973,97.08,99.13,98.18,0.369704,97.5,99.09,95.24,0.502465,83.08,86.46,81.82,0.774354,100.0,100.0,100.0,0.301651,48.75,78.01,87.91,0.203122,81.24,91.74,91.56,0.393306
motion_blur_level 4,90.48,97.29,90.91,0.299659,80.31,88.51,83.87,0.599812,65.62,91.28,91.14,0.399458,92.22,97.8,92.31,0.159953,54.14,79.83,84.44,0.146478,95.32,97.51,91.67,0.637644,100.0,100.0,100.0,0.424374,92.63,98.18,95.38,0.368809,64.3,89.93,91.26,0.415826,43.93,71.69,85.11,0.05826,97.73,99.29,98.18,0.323835,82.5,93.27,90.91,0.422112,85.77,85.87,81.48,0.754205,100.0,100.0,100.0,0.307127,48.75,78.01,87.91,0.213524,79.58,91.23,90.97,0.368738
zoom_blur_level 1,92.06,97.88,93.33,0.178769,93.16,95.2,91.8,0.441943,62.3,90.94,91.14,0.161602,72.03,91.3,86.57,0.161135,63.16,84.11,86.36,0.273514,69.23,83.11,80.0,0.376944,96.67,99.02,94.92,0.315345,87.56,96.94,95.38,0.235331,43.88,86.12,92.16,0.228724,68.84,87.67,87.06,0.538474,89.61,96.2,89.29,0.311714,92.5,97.69,94.74,0.496363,89.62,87.34,77.42,0.35118,91.67,97.75,92.68,0.381157,49.74,80.78,88.64,0.318613,77.47,91.47,89.43,0.318054
zoom_blur_level 2,92.86,97.82,95.45,0.206849,90.53,94.32,90.0,0.456352,61.51,89.51,91.14,0.201335,74.33,92.26,86.57,0.196501,57.14,82.43,84.44,0.184772,63.88,80.63,78.57,0.391576,98.0,99.41,96.67,0.300073,93.09,98.48,93.94,0.203582,41.49,85.01,92.16,0.248826,68.05,86.82,85.71,0.45645,87.66,95.55,89.29,0.326839,100.0,100.0,100.0,0.436957,87.31,84.9,75.86,0.36756,81.67,94.71,88.89,0.271429,43.85,77.69,88.64,0.402439,76.09,90.64,89.16,0.310103
zoom_blur_level 3,83.33,95.51,89.36,0.193009,91.23,95.39,87.27,0.478576,57.54,89.84,91.14,0.288725,68.58,90.66,86.57,0.184985,56.39,80.96,84.44,0.204315,60.54,75.38,77.97,0.285324,91.67,97.56,91.8,0.271146,88.48,97.56,92.06,0.230928,46.28,87.29,92.16,0.29838,62.13,86.04,85.71,0.4435,87.01,95.07,89.66,0.358497,75.0,91.92,83.33,0.366052,83.08,80.87,73.33,0.294715,58.33,85.34,86.96,0.228529,36.15,79.71,88.64,0.355904,69.72,88.61,86.69,0.298839
zoom_blur_level 4,84.13,95.76,91.3,0.265813,87.54,93.38,86.21,0.495336,48.02,86.43,91.14,0.266558,62.84,88.83,86.57,0.224775,51.13,78.89,84.44,0.213372,54.52,69.82,77.97,0.251404,88.0,96.38,88.89,0.298733,82.95,96.34,89.86,0.199337,55.85,90.62,93.07,0.292049,61.93,86.03,86.67,0.491461,84.42,94.28,86.21,0.387174,60.0,84.49,83.33,0.354622,89.23,86.38,77.42,0.283614,57.5,83.78,86.96,0.161616,32.82,74.25,88.64,0.346975,66.73,87.04,86.58,0.302189
brightness_level 1,96.88,99.1,96.87,0.373891,83.06,89.78,82.47,0.65558,94.39,98.85,95.5,0.521058,100.0,100.0,100.0,0.265325,97.49,99.15,96.43,0.278188,84.57,92.86,83.33,0.640212,100.0,100.0,100.0,0.362273,77.76,94.9,89.52,0.152526,78.44,94.88,92.21,0.267925,79.21,91.43,87.88,0.430157,99.58,99.84,97.67,0.380696,91.11,97.16,92.86,0.611994,68.33,67.62,65.31,0.541333,97.67,99.28,95.08,0.387682,91.88,97.97,92.06,0.192077,89.36,94.85,91.15,0.404061
brightness_level 2,96.56,98.99,95.24,0.374443,85.76,91.99,83.33,0.663179,95.3,99.06,95.41,0.505104,100.0,100.0,100.0,0.257911,97.81,99.23,94.92,0.195406,82.43,91.82,80.0,0.685987,100.0,100.0,100.0,0.419946,79.69,95.39,89.52,0.163418,78.98,95.27,91.61,0.384975,70.16,86.24,86.33,0.475806,100.0,100.0,100.0,0.369326,92.22,97.5,92.86,0.65805,68.0,67.47,66.67,0.617408,98.0,99.39,96.55,0.505955,91.25,97.77,91.47,0.187967,89.08,94.67,90.93,0.430992
brightness_level 3,97.81,99.32,96.87,0.362434,85.53,92.03,83.64,0.579028,94.85,98.97,94.74,0.489888,100.0,100.0,100.0,0.244102,99.37,99.78,98.25,0.212042,85.14,93.07,83.87,0.748547,100.0,100.0,100.0,0.438692,79.3,95.27,89.52,0.198449,72.91,93.72,91.61,0.435298,50.24,78.7,85.11,0.310138,100.0,100.0,100.0,0.425188,92.22,97.5,92.86,0.621679,69.5,70.09,65.31,0.610964,97.67,99.3,96.55,0.597037,89.69,97.18,91.67,0.250566,87.62,94.33,91.33,0.434937
brightness_level 4,98.12,99.45,96.87,0.406978,88.08,93.0,86.87,0.61908,93.64,98.66,94.64,0.418322,100.0,100.0,100.0,0.259117,99.69,99.89,98.31,0.227558,85.71,92.83,84.06,0.769454,100.0,100.0,100.0,0.419726,80.46,95.38,89.52,0.230238,65.66,91.77,91.61,0.582716,56.19,79.44,86.96,0.44591,99.3,99.75,98.8,0.549851,97.78,99.14,96.77,0.666468,70.5,71.52,70.0,0.715915,99.33,99.78,98.36,0.342364,89.27,97.13,91.8,0.257545,88.25,94.52,92.3,0.460749
contrast_level 1,95.48,98.54,95.24,0.338219,71.74,85.28,76.03,0.186871,77.61,94.8,91.38,0.400183,96.27,99.05,97.67,0.228226,96.43,98.82,94.74,0.199623,87.57,93.86,85.71,0.523366,100.0,100.0,100.0,0.361556,83.4,96.06,91.09,0.199815,81.87,96.5,92.0,0.357059,92.37,97.31,94.31,0.486082,98.07,99.3,96.47,0.366867,95.56,98.44,93.33,0.603586,79.0,73.45,72.73,0.6408,100.0,100.0,100.0,0.362204,88.03,96.61,91.06,0.221722,89.56,95.2,91.45,0.365079
contrast_level 2,96.13,98.8,95.24,0.304405,72.56,85.41,76.74,0.629986,75.25,94.07,90.76,0.109638,95.62,98.87,96.47,0.247087,95.0,98.42,93.1,0.16804,89.43,94.44,87.18,0.504314,100.0,100.0,100.0,0.353334,84.19,96.03,91.09,0.182003,79.56,95.8,91.5,0.163156,89.75,96.18,90.91,0.54171,98.96,99.61,97.67,0.284776,93.33,97.58,90.91,0.502529,77.67,73.52,70.27,0.70721,100.0,100.0,100.0,0.348102,84.43,95.6,91.94,0.214867,88.79,94.96,90.92,0.350744
contrast_level 3,96.13,98.92,95.24,0.306589,71.29,83.8,76.92,0.581314,58.59,89.28,90.76,0.095238,95.45,98.77,95.24,0.200876,95.0,98.42,94.74,0.178868,91.29,95.42,87.32,0.568452,100.0,100.0,100.0,0.189408,75.89,93.77,90.91,0.239712,71.54,93.72,91.5,0.155217,85.08,94.8,88.72,0.423472,99.55,99.84,97.67,0.181724,93.33,97.39,93.75,0.436183,77.67,73.91,68.57,0.768653,100.0,100.0,100.0,0.252474,86.33,96.41,89.39,0.21044,86.48,94.3,90.72,0.319241
contrast_level 4,93.55,98.1,93.75,0.226707,69.87,81.9,76.03,0.247671,42.09,82.83,90.76,0.088534,88.31,96.25,92.47,0.128375,88.93,96.48,89.29,0.232131,92.71,95.62,91.89,0.453032,94.29,98.3,94.25,0.180544,60.47,88.24,91.09,0.16825,58.68,89.16,91.5,0.104953,83.9,94.48,88.72,0.325784,97.77,99.28,97.56,0.13033,91.11,97.02,90.32,0.354528,68.0,64.44,63.64,0.630631,96.67,99.01,96.67,0.152243,69.92,91.65,88.06,0.223584,79.75,91.52,89.07,0.243153
rotation_level 1,97.28,99.24,97.56,0.303435,76.94,87.3,79.45,0.455886,89.53,97.84,92.31,0.487084,100.0,100.0,100.0,0.222128,96.24,98.9,97.3,0.353467,90.48,95.19,86.96,0.662452,100.0,100.0,100.0,0.508664,77.02,94.05,88.57,0.222465,80.85,96.3,92.16,0.413482,83.57,94.23,87.36,0.464293,100.0,100.0,100.0,0.407427,95.0,98.33,94.74,0.700014,79.29,81.31,71.43,0.628574,99.29,99.76,97.56,0.234563,94.55,98.67,93.51,0.329948,90.67,96.07,91.93,0.426259
rotation_level 2,99.32,99.78,97.67,0.293696,72.58,84.69,77.14,0.531815,91.89,98.25,94.74,0.445727,100.0,100.0,100.0,0.233208,96.24,98.9,97.3,0.351774,92.86,96.36,89.36,0.613404,100.0,100.0,100.0,0.483949,80.65,95.16,89.23,0.318374,80.61,96.17,92.16,0.43751,88.39,95.66,92.68,0.455843,100.0,100.0,100.0,0.400075,92.5,97.69,94.74,0.693364,76.43,79.9,71.43,0.619235,98.57,99.55,97.44,0.542129,93.86,98.55,93.83,0.295624,90.93,96.04,92.51,0.447715
rotation_level 3,97.28,99.24,97.56,0.297819,74.19,85.69,78.79,0.511776,95.61,99.17,95.89,0.512264,100.0,100.0,100.0,0.272106,100.0,100.0,100.0,0.266989,91.96,96.12,88.37,0.659562,100.0,100.0,100.0,0.375918,77.02,94.08,88.57,0.219881,85.34,97.31,92.16,0.428821,87.14,95.94,87.06,0.503357,99.68,99.88,98.25,0.361742,97.5,99.09,95.24,0.556746,79.29,80.72,73.33,0.655813,100.0,100.0,100.0,0.358892,94.09,98.49,92.31,0.320913,91.94,96.38,92.5,0.420173
rotation_level 4,96.6,99.01,95.24,0.282349,77.58,88.52,78.87,0.437272,87.84,97.35,93.33,0.49155,100.0,100.0,100.0,0.290604,96.24,98.9,97.3,0.331655,90.48,95.34,90.2,0.588309,100.0,100.0,100.0,0.526752,83.47,95.93,89.86,0.279841,81.56,96.53,91.26,0.453187,87.14,95.64,89.89,0.49421,99.68,99.88,98.25,0.323094,95.0,98.33,94.74,0.680468,73.21,71.31,68.57,0.647517,100.0,100.0,100.0,0.279125,96.36,98.97,96.39,0.295705,91.01,95.71,92.26,0.426776
zooming_level 1,92.52,97.83,92.68,0.304122,70.46,83.0,78.26,0.538197,87.15,97.23,93.33,0.416431,99.26,99.79,98.31,0.241968,97.74,99.22,95.0,0.178861,83.28,92.64,85.0,0.654639,100.0,100.0,100.0,0.50004,75.58,94.6,89.86,0.120097,87.94,97.78,91.26,0.296103,82.14,92.67,89.41,0.495084,98.05,99.3,96.3,0.389653,100.0,100.0,100.0,0.567758,60.38,60.85,63.64,0.590472,98.33,99.55,97.44,0.464072,87.5,96.94,91.14,0.231704,88.02,94.09,90.78,0.39928
zooming_level 2,87.76,96.55,89.47,0.42672,73.51,85.73,78.12,0.582803,87.5,97.29,91.89,0.363521,99.63,99.89,98.36,0.098055,97.74,99.28,97.3,0.250309,84.95,93.24,85.71,0.586561,100.0,100.0,100.0,0.544108,79.72,95.39,91.18,0.172283,85.82,97.46,91.26,0.199641,75.89,90.83,85.71,0.392895,97.73,99.16,94.92,0.269608,97.5,99.09,95.24,0.479957,62.69,57.59,63.64,0.572914,99.17,99.76,97.56,0.347662,86.82,96.56,90.0,0.212576,87.76,93.85,90.02,0.366641
zooming_level 3,87.76,96.46,89.47,0.423186,70.46,83.15,77.78,0.50885,83.68,96.51,90.41,0.414557,100.0,100.0,100.0,0.166792,98.5,99.5,97.3,0.224764,86.62,93.98,86.36,0.578266,100.0,100.0,100.0,0.514341,76.96,94.84,89.86,0.1732,82.98,96.62,92.16,0.246069,79.29,92.28,88.1,0.569776,99.03,99.65,98.18,0.355833,97.5,99.09,95.24,0.564823,63.08,64.13,66.67,0.650637,98.33,99.55,97.44,0.489407,87.27,96.67,89.41,0.208864,87.43,94.16,90.56,0.405958
zooming_level 4,92.52,97.74,91.3,0.229805,68.76,82.5,76.54,0.170621,87.15,97.29,90.91,0.299201,100.0,100.0,100.0,0.160655,100.0,100.0,100.0,0.209566,88.63,94.82,87.8,0.649443,100.0,100.0,100.0,0.486542,80.18,95.51,91.18,0.177839,83.22,96.74,91.26,0.180846,82.5,93.96,88.37,0.488679,95.45,98.47,94.34,0.459634,95.0,98.09,95.24,0.49284,58.46,58.22,63.64,0.670031,98.33,99.55,97.44,0.439372,92.73,98.17,92.86,0.205692,88.2,94.07,90.73,0.354718
shifting_level 1,96.03,98.97,95.0,0.453484,89.47,93.64,85.29,0.548857,83.73,96.36,93.51,0.445352,100.0,100.0,100.0,0.227988,100.0,100.0,100.0,0.309921,86.29,92.74,86.27,0.515045,99.67,99.89,98.36,0.390065,88.02,97.34,92.54,0.202688,73.94,94.55,94.0,0.360092,90.53,96.67,92.86,0.487553,96.75,98.78,94.55,0.352435,92.5,97.33,90.91,0.614101,81.15,80.35,78.57,0.553877,98.33,99.51,97.56,0.404214,83.59,95.62,90.7,0.243424,90.67,96.12,92.67,0.407273
shifting_level 2,89.68,97.29,92.68,0.423483,86.32,92.13,85.25,0.613097,87.7,96.81,94.44,0.422021,100.0,100.0,100.0,0.263274,100.0,100.0,100.0,0.313469,83.61,92.29,82.35,0.519948,100.0,100.0,100.0,0.459274,85.25,96.64,92.31,0.294956,74.2,94.42,93.07,0.349469,90.93,97.0,92.5,0.483947,96.43,98.73,94.55,0.360174,100.0,100.0,100.0,0.62346,82.31,80.55,76.92,0.570375,97.5,99.25,97.56,0.414983,89.23,97.49,90.67,0.348542,90.88,96.17,92.82,0.430698
shifting_level 3,96.03,99.01,95.24,0.290782,86.67,92.68,83.33,0.517748,90.08,97.8,94.74,0.389848,100.0,100.0,100.0,0.215987,100.0,100.0,100.0,0.319248,85.62,93.3,83.72,0.598739,100.0,100.0,100.0,0.464106,87.1,97.19,91.18,0.241261,72.34,93.53,93.07,0.414272,87.57,96.15,88.31,0.534249,98.05,99.33,96.43,0.356875,87.5,95.58,90.0,0.618396,78.85,78.88,76.92,0.607554,100.0,100.0,100.0,0.459932,85.38,96.35,90.7,0.315433,90.35,95.99,92.24,0.422962
shifting_level 4,94.44,98.4,95.45,0.315367,88.42,93.73,85.71,0.611329,85.32,96.86,94.74,0.356338,100.0,100.0,100.0,0.274944,100.0,100.0,100.0,0.307994,85.62,92.93,85.71,0.595593,100.0,100.0,100.0,0.488554,86.18,96.91,91.8,0.328607,69.68,93.37,92.16,0.292256,87.18,95.15,92.5,0.57053,98.38,99.46,98.18,0.307194,87.5,95.87,88.89,0.666935,83.08,85.35,81.48,0.65932,100.0,100.0,100.0,0.411923,87.44,96.88,90.7,0.319548,90.22,96.33,93.15,0.433762
